feature,gain_importance_mean,gain_importance_std,split_importance_mean,split_importance_std,perm_importance_mean,perm_importance_std,gain_importance_norm_mean,split_importance_norm_mean,perm_importance_norm_mean,validation_roc_auc_mean,feature_family,consolidated_score,consolidated_rank,gain_rank,split_rank,perm_rank,is_zero_importance,is_near_zero_importance,importance_bucket,in_low_value_tail,in_cluster,cluster_theme,cluster_role,selection_action,selection_reason,selected
months,8488.277160644531,152.12045051096106,103.4,10.358571330062848,0.0264725442760863,0.0089982693058344,0.1201944797952849,0.0689333333333333,0.1691249460839723,0.687002344113593,Original Features,0.1194175864041968,1,2,1,1,False,False,signal,False,False,none,none,keep,protected_core_signal,True
eqpdays,12139.36183719635,311.0340355943788,37.0,3.0000000000000004,0.0249149514444003,0.0058827831080041,0.1719054291355743,0.0246666666666666,0.1591728811394814,0.687002344113593,Original Features,0.1185816589805741,2,1,12,2,False,False,signal,False,False,none,none,keep,protected_core_signal,True
hnd_price,2470.891499710083,252.90300797250535,51.0,6.363961030678928,0.0123906036388947,0.0049432389671668,0.0349910983666597,0.0339999999999999,0.079797584210036,0.687002344113593,Original Features,0.0495962275255652,3,6,4,3,False,False,signal,False,False,none,none,keep,retained_signal,True
revenue_per_usage,2641.1856189727782,228.5481040172459,72.0,5.244044240850757,0.0088535838069549,0.0008981859171736,0.0374025267513872,0.048,0.05742079650702,0.687002344113593,Engineered Features,0.047607774419469,4,3,2,4,False,False,signal,False,False,none,none,keep,retained_signal,True
totmrc_Mean,2507.646236228943,100.75265733027668,62.6,3.646916505762094,0.0085226236658502,0.002386388902783,0.0355094377586407,0.0417333333333333,0.0553416402930751,0.687002344113593,Original Features,0.0441948037950164,5,5,3,5,False,False,signal,False,False,none,none,keep,retained_signal,True
avgqty,1637.913101196289,194.75747186008417,46.4,6.730527468185536,0.0060143538293268,0.0040221109018234,0.0232042395040834,0.0309333333333333,0.0392136764503704,0.687002344113593,Original Features,0.031117083095929,6,10,8,6,False,False,signal,False,True,usage,representative,keep,cluster_representative,True
mou_Mean,2391.171485900879,160.1986755211341,48.2,3.2710854467592245,0.002924970255924,0.0013245666219342,0.0338530860863897,0.0321333333333333,0.0190277296216375,0.687002344113593,Original Features,0.0283380496804535,7,7,6,11,False,False,signal,False,True,usage,redundant,drop,cluster_redundant,False
change_mou,1776.714602279663,210.5205312955897,48.8,3.5637059362410923,0.0032519300730025,0.0018674499362161,0.0251557207108357,0.0325333333333333,0.020728356911059,0.687002344113593,Original Features,0.026139136985076,8,8,5,9,False,False,signal,False,False,none,none,keep,protected_core_signal,True
crclscod,1539.9005968093873,120.84386777490047,48.0,4.527692569068709,0.0036897655376751,0.0026571905553664,0.0218110792485554,0.032,0.023169189646063,0.687002344113593,Original Features,0.0256600896315394,9,12,7,8,False,False,signal,False,False,none,none,keep,retained_signal,True
change_mou_capped,1587.0580577850342,271.3145485189181,43.8,6.457553716385177,0.0031548555432989,0.002753788234737,0.0224646742964739,0.0292,0.0207755447172968,0.687002344113593,Winsorized Features,0.0241467396712569,10,11,9,10,False,False,signal,False,False,none,none,keep,retained_signal,True
change_mou_log,1370.9314987182618,407.8211659806242,38.2,12.597618822618822,0.0039993239452395,0.0039654161043922,0.0194255930998435,0.0254666666666666,0.0270679011785281,0.687002344113593,Log Features,0.0239867203150127,11,14,11,7,False,False,signal,False,False,none,none,keep,retained_signal,True
usage_to_charge,1406.4969202041625,131.80856776163307,41.2,3.346640106136302,0.0021328394266602,0.0017881659853665,0.0199120902823327,0.0274666666666666,0.0146512774924876,0.687002344113593,Engineered Features,0.0206766781471623,12,13,10,19,False,False,signal,False,False,none,none,keep,retained_signal,True
lor,1278.843777084351,89.96514353224639,34.0,2.449489742783178,0.002696951786428,0.0026593929612097,0.018111907533201,0.0226666666666666,0.0182512823025339,0.687002344113593,Original Features,0.0196766188341338,13,16,14,14,False,False,signal,False,False,none,none,keep,retained_signal,True
eqpdays_log,2555.873069000244,97.23311157725549,14.8,2.6832815729997477,0.0016332656278491,0.0013210069809566,0.0361906323904629,0.0098666666666666,0.011516915704349,0.687002344113593,Log Features,0.0191914049204928,14,4,30,22,False,False,signal,False,False,none,none,keep,retained_signal,True
trend_gap,1292.355444908142,76.86829498741044,36.0,1.5811388300841895,0.0020759014813532,0.0018336567208856,0.0182992738145739,0.024,0.0128692841783563,0.687002344113593,Engineered Features,0.0183895193309767,15,15,13,20,False,False,signal,False,False,none,none,keep,retained_signal,True
change_mou_missing_ind,1065.4955406188965,52.019525868410376,26.2,2.387467277262665,0.0026947516082136,0.0025836750549294,0.0150892848593281,0.0174666666666666,0.0190226753641826,0.687002344113593,Missing Indicators,0.0171928756300591,16,18,17,15,False,False,signal,False,False,none,none,keep,retained_signal,True
totmrc_Mean_log,1248.4150407791135,86.3620131363016,25.0,2.2360679774997902,0.0025123368326167,0.0007936012863724,0.0176774866322642,0.0166666666666666,0.0162268047232395,0.687002344113593,Log Features,0.0168569860073901,17,17,19,17,False,False,signal,False,False,none,none,keep,retained_signal,True
uniqsubs,1045.0200944900512,112.1616545659501,23.4,2.5099800796022262,0.0025918099366048,0.0010123655148138,0.014803831544863,0.0156,0.0166392282224814,0.687002344113593,Original Features,0.0156810199224481,18,19,21,16,False,False,signal,False,False,none,none,keep,retained_signal,True
ethnic,864.5915788650512,79.98536890721688,27.8,3.898717737923586,0.002362658041968,0.0013467444943571,0.0122406462246914,0.0185333333333333,0.0150530059851231,0.687002344113593,Original Features,0.0152756618477159,19,20,15,18,False,False,signal,False,False,none,none,keep,retained_signal,True
drop_vce_Mean,686.7452207565308,51.898049642955826,27.0,2.91547594742265,0.0027254874311485,0.001665534616749,0.0097223814515525,0.018,0.0169580058878846,0.687002344113593,Original Features,0.014893462446479,20,26,16,13,False,False,signal,False,False,none,none,keep,retained_signal,True
months_log,1649.815721321106,58.17599892690828,16.8,0.8366600265340757,0.000521375564754,0.000976500510572,0.0233657977620489,0.0112,0.0043713240613411,0.687002344113593,Log Features,0.0129790406077967,21,9,27,34,False,False,signal,False,False,none,none,keep,retained_signal,True
totcalls,714.6661821365357,180.96337125492667,17.2,5.06951674225463,0.0019308230633348,0.002401584264846,0.0101162079620124,0.0114666666666666,0.0131466959579141,0.687002344113593,Original Features,0.0115765235288644,22,25,26,21,False,False,signal,False,True,revenue,representative,keep,cluster_representative,True
mou_cvce_Mean,746.7133810043335,187.2142771483901,26.0,5.0,0.0004664377814602,0.0011761105568057,0.0105796305087071,0.0173333333333333,0.0046230306601819,0.687002344113593,Original Features,0.0108453315007408,23,24,18,36,False,False,signal,False,True,usage,redundant,drop,cluster_redundant,False
avgrev,803.6779159545898,145.03930473160642,23.6,3.577708763999664,0.0006525861928149,0.0009253446012975,0.0113764299813619,0.0157333333333333,0.0052094305951811,0.687002344113593,Original Features,0.0107730646366254,24,21,20,30,False,False,signal,False,True,revenue_aux,representative,keep,cluster_representative,True
hnd_webcap,624.5639419555664,110.6768341709746,8.6,2.1908902300206643,0.0027625571004584,0.0017181781546554,0.0088384741721554,0.0057333333333333,0.0177423885205539,0.687002344113593,Original Features,0.0107713986753475,25,28,42,12,False,False,signal,False,False,none,none,keep,retained_signal,True
asl_flag,667.4136198043823,127.26168265346918,19.8,3.1937438845342623,0.0011838292235004,0.0007966723874279,0.0094474321839043,0.0132,0.0074940401238727,0.687002344113593,Original Features,0.0100471574359256,26,27,23,25,False,False,signal,False,False,none,none,keep,retained_signal,True
change_rev,603.2245384216309,94.10328952371847,21.8,4.381780460041329,0.000926741732747,0.0007306187449574,0.0085408491594351,0.0145333333333333,0.0060935472696645,0.687002344113593,Original Features,0.0097225765874776,27,29,22,26,False,False,signal,False,False,none,none,keep,retained_signal,True
refurb_new,779.8773015975952,241.9506834022665,9.4,0.8944271909999161,0.0016205312630322,0.0015724453207905,0.011040604488092,0.0062666666666666,0.0105898824894263,0.687002344113593,Original Features,0.0092990512147283,28,22,39,23,False,False,signal,False,False,none,none,keep,retained_signal,True
avgmou,523.3253412246704,126.16290641159443,16.6,4.505552130427524,0.0012949715593629,0.0007608055082682,0.0074085232894045,0.0110666666666666,0.0083258770254116,0.687002344113593,Original Features,0.0089336889938276,29,31,28,24,False,False,signal,False,True,usage,redundant,drop,cluster_redundant,False
vceovr_Mean,564.4161792755127,168.77057847646054,17.4,3.847076812334269,0.0008342675756736,0.0008593964988604,0.0080010280664451,0.0116,0.005570814800689,0.687002344113593,Original Features,0.0083906142890447,30,30,25,27,False,False,signal,False,True,overage,representative,keep,cluster_representative,True
mou_Mean_log,759.2068195343018,110.09146853461364,14.6,2.408318915758459,0.0005624455580902,0.0008167645722792,0.0107526248640549,0.0097333333333333,0.0043886522317278,0.687002344113593,Log Features,0.0082915368097053,31,23,31,32,False,False,signal,False,False,none,none,keep,retained_signal,True
mouiwylisv_Mean,468.3238208770752,153.45246250731464,18.4,4.827007354458868,-4.120333747038944e-05,0.0010827852267154,0.0066287511987339,0.0122666666666666,0.0022391586764469,0.687002344113593,Original Features,0.0070448588472825,32,32,24,151,False,False,signal,False,False,none,none,keep,retained_signal,True
change_rev_capped,464.6577390670776,143.38258563083238,15.8,3.271085446759225,0.0004419024607659,0.0004582731461589,0.0065785396015898,0.0105333333333333,0.0034305170664991,0.687002344113593,Winsorized Features,0.0068474633338074,33,33,29,37,False,False,signal,False,False,none,none,keep,retained_signal,True
area,297.7050397872925,103.41471563401184,13.8,4.086563348340509,0.000759594860517,0.0012020943099199,0.00421569415929,0.0092,0.0060330402051555,0.687002344113593,Original Features,0.0064829114548151,34,38,32,28,False,False,signal,False,False,none,none,keep,retained_signal,True
ovrrev_Mean,424.1797590255738,143.05129623847787,12.6,4.03732584763727,0.0003941652607194,0.0007363428999564,0.0060076433941122,0.0084,0.0029043411495679,0.687002344113593,Original Features,0.00577066151456,35,35,34,40,False,False,signal,False,True,overage,redundant,drop,cluster_redundant,False
ovrmou_Mean,408.0446992874146,178.96229964614344,13.0,5.477225575051661,0.0002556207052771,0.0006825531256275,0.0057812064204515,0.0086666666666666,0.0023723110166724,0.687002344113593,Original Features,0.0056067280345968,36,36,33,46,False,False,signal,False,True,overage,redundant,drop,cluster_redundant,False
avg6rev,440.0513027191162,154.83971029231583,8.0,2.549509756796392,0.0004417024445646,0.0002829340737182,0.0062337755531876,0.0053333333333333,0.0028301397099804,0.687002344113593,Original Features,0.0047990828655004,37,34,44,38,False,False,signal,False,True,revenue_aux,redundant,drop,cluster_redundant,False
change_rev_log,313.55267906188965,73.84503333459381,11.4,3.781534080237808,0.0002660882198124,0.0005032033353616,0.0044439225168862,0.0076,0.0020234793181872,0.687002344113593,Log Features,0.0046891339450244,38,37,36,45,False,False,signal,False,False,none,none,keep,retained_signal,True
iwylis_vce_Mean,286.65132122039796,117.44117151340744,12.0,4.847679857416329,0.0001584128314393,0.0003992839613533,0.0040624945246586,0.008,0.0015374586193337,0.687002344113593,Original Features,0.0045333177146641,39,39,35,53,False,False,signal,False,False,none,none,keep,retained_signal,True
drop_blk_Mean,229.44678077697753,67.70935446305856,10.2,2.387467277262665,0.000534176601638,0.0004759486507272,0.0032467976092441,0.0068,0.0034394670208747,0.687002344113593,Original Features,0.0044954215433729,40,44,38,33,False,False,signal,False,True,quality,representative,keep,cluster_representative,True
adjqty,217.89615859985352,126.72082543535852,7.2,3.96232255123179,0.0006574532537135,0.0013085869511213,0.0030819699972064,0.0048,0.0049450039527027,0.687002344113593,Original Features,0.004275657983303,41,46,48,29,False,False,signal,False,True,revenue,redundant,drop,cluster_redundant,False
HHstatin_missing_ind,236.06406059265137,89.81786081355084,7.6,2.1908902300206647,0.0005856474374424,0.0007132549335492,0.0033436515257477,0.0050666666666666,0.0041053955565758,0.687002344113593,Missing Indicators,0.0041719045829967,42,42,46,31,False,False,signal,False,False,none,none,keep,retained_signal,True
service_issue_score,231.6959409713745,56.63098104972165,11.2,1.9235384061671343,0.0001438783208106,0.0004005327968809,0.0032776991214326,0.0074666666666666,0.0015846725568463,0.687002344113593,Engineered Features,0.0041096794483152,43,43,37,55,False,False,signal,False,False,none,none,keep,retained_signal,True
vceovr_Mean_capped,257.2815996170044,85.48791681255092,8.2,2.280350850198276,0.0003066248366117,0.0003840973966774,0.0036414331810955,0.0054666666666666,0.0023194920447912,0.687002344113593,Winsorized Features,0.0038091972975178,44,41,43,42,False,False,signal,False,False,none,none,keep,retained_signal,True
ovrmou_Mean_capped,275.90666103363037,110.76766497677556,7.8,2.280350850198276,0.0001289437777793,0.0005660428753779,0.0038999993897969,0.0052,0.0019240107867789,0.687002344113593,Winsorized Features,0.0036746700588586,45,40,45,56,False,False,signal,False,False,none,none,keep,retained_signal,True
mou_peav_Mean,194.1336008071899,52.04769212595085,8.8,2.5884358211089573,0.0001820147431941,0.0003498096154451,0.002751241757284,0.0058666666666666,0.0015747636058738,0.687002344113593,Original Features,0.0033975573432748,46,49,41,51,False,False,signal,False,True,usage,redundant,drop,cluster_redundant,False
inonemin_Mean,201.8703596115112,33.27170510155099,9.2,1.0954451150103324,-3.500283522963611e-05,0.000288960826964,0.0028608688222754,0.0061333333333333,0.0004643487856932,0.687002344113593,Original Features,0.0031528503137673,47,47,40,148,False,False,signal,False,True,usage,redundant,drop,cluster_redundant,False
income,155.49279975891113,28.314182496025225,6.4,0.547722557505166,0.0004249677557215,0.0002359697204312,0.0022010320609479,0.0042666666666666,0.0027705567464382,0.687002344113593,Original Features,0.0030794184913509,48,58,51,39,False,False,signal,False,False,none,none,keep,retained_signal,True
uniqsubs_log,199.29817867279053,41.483619011555945,4.8,1.3038404810405295,0.0004722382512983,0.0006078456012464,0.0028222112677447,0.0032,0.0031700497140395,0.687002344113593,Log Features,0.0030640869939281,49,48,58,35,False,False,signal,False,False,none,none,keep,retained_signal,True
mouowylisv_Mean,176.70571994781494,76.01756947026334,7.4,2.302172886644267,0.000236352477884,0.0002263161933387,0.0025005936366551,0.0049333333333333,0.0016302874977718,0.687002344113593,Original Features,0.0030214048225867,50,52,47,48,False,False,signal,False,True,usage,redundant,drop,cluster_redundant,False
rev_Mean_log,221.3639413833618,100.83688796599216,7.0,3.1622776601683795,0.000128143712974,0.0001771057532251,0.0031299697632125,0.0046666666666666,0.0009475175251058,0.687002344113593,Log Features,0.002914717984995,51,45,49,57,False,False,signal,False,False,none,none,keep,retained_signal,True
actvsubs,164.6230209350586,56.90793641747582,6.0,1.4142135623730951,0.0003212926913746,0.0002418842701259,0.0023334519822566,0.004,0.0020454953276034,0.687002344113593,Original Features,0.00279298243662,52,54,53,41,False,False,signal,False,False,none,none,keep,retained_signal,True
dwllsize,178.6227991104126,55.15651792968476,6.6,2.302172886644267,0.0001238767006794,0.0005106524129064,0.0025300814062816,0.0044,0.0013929702636142,0.687002344113593,Original Features,0.0027743505566319,53,51,50,58,False,False,signal,False,False,none,none,keep,retained_signal,True
rev_Mean,157.52658061981202,72.59344440971854,5.8,1.6431676725154984,0.0002500869237074,0.0002404656370861,0.0022295612229656,0.0038666666666666,0.0017209851886868,0.687002344113593,Original Features,0.002605737692773,54,57,54,47,False,False,signal,False,True,revenue_aux,redundant,drop,cluster_redundant,False
opk_vce_Mean,159.68054027557372,51.13405890209132,7.4,2.701851217221259,-0.0001136092023453,0.000315023700336,0.002262197742884,0.0049333333333333,0.000414225693828,0.687002344113593,Original Features,0.0025365855900151,55,55,47,166,False,False,signal,False,True,usage,redundant,drop,cluster_redundant,False
avgqty_log,148.3379201889038,83.90274708336247,5.6,3.1304951684997055,8.84738330471239e-05,0.0005323757565414,0.0021018299232922,0.0037333333333333,0.0017224383480019,0.687002344113593,Log Features,0.0025192005348758,56,63,55,70,False,False,signal,False,False,none,none,keep,retained_signal,True
totrev,164.7453004837036,37.18931061267411,7.4,1.51657508881031,-3.2469296679697265e-05,0.0001450109029688,0.0023335649831331,0.0049333333333333,0.0002732949251406,0.687002344113593,Original Features,0.0025133977472023,57,53,47,147,False,False,signal,False,True,revenue,redundant,drop,cluster_redundant,False
roam_Mean,120.33877983093262,54.51771618640981,6.0,2.1213203435596424,0.0002688884466308,0.0002168957473667,0.0017041945944564,0.004,0.0017350944631258,0.687002344113593,Original Features,0.002479763019194,58,71,53,44,False,False,signal,False,False,none,none,keep,retained_signal,True
peak_vce_Mean,184.03072147369383,117.25408801444286,6.4,2.792848008753788,-0.0001248767816859,0.000293284409912,0.0026072249687781,0.0042666666666666,0.0003618888453744,0.687002344113593,Original Features,0.0024119268269397,59,50,51,168,False,False,signal,False,True,usage,redundant,drop,cluster_redundant,False
mou_opkv_Mean,151.04694004058837,21.66311245491031,6.2,0.8366600265340755,-0.0001308772677253,0.0005031063868314,0.0021389745455329,0.0041333333333333,0.0008613999403929,0.687002344113593,Original Features,0.0023779026064197,60,61,52,169,False,False,signal,False,True,usage,redundant,drop,cluster_redundant,False
dwlltype,138.32405853271484,63.31357916314133,4.8,2.16794833886788,0.0002137506471357,0.0003705751405441,0.0019620418005174,0.0032,0.0016808453987231,0.687002344113593,Original Features,0.0022809623997468,61,66,58,49,False,False,signal,False,False,none,none,keep,retained_signal,True
avg3mou,152.13724117279054,93.35911556625553,5.8,3.1144823004794873,-2.8668988854896254e-06,0.0002891862578751,0.0021605264941469,0.0038666666666666,0.0006629527857176,0.687002344113593,Original Features,0.0022300486488437,62,60,54,123,False,False,signal,False,True,usage,redundant,drop,cluster_redundant,False
marital,153.0985990524292,50.86471560214299,5.2,1.4832396974191326,0.0001160760688282,0.0001845838784972,0.0021657572438031,0.0034666666666666,0.0008732009249258,0.687002344113593,Original Features,0.0021685416117985,63,59,57,59,False,False,signal,False,False,none,none,keep,retained_signal,True
unan_vce_Mean,89.05993957519532,13.314544298608569,4.8,0.8366600265340756,0.000272222049986,0.000289468471471,0.0012619245558094,0.0032,0.0018939217064233,0.687002344113593,Original Features,0.0021186154207442,64,80,58,43,False,False,signal,False,True,usage,redundant,drop,cluster_redundant,False
custcare_Mean,146.38427963256837,62.08941801071465,5.4,2.5099800796022267,-9.694118556936951e-05,0.000397176099834,0.0020713013584773,0.0036,0.0006692946951626,0.687002344113593,Original Features,0.00211353201788,65,64,56,164,False,False,signal,False,True,support,representative,keep,cluster_representative,True
change_rev_missing_ind,157.79200077056885,26.358480532209047,4.4,1.1401754250991378,4.687046317419046e-05,0.0003293524703112,0.0022343581120446,0.0029333333333333,0.0009348736245687,0.687002344113593,Missing Indicators,0.0020341883566489,66,56,60,85,False,False,signal,False,False,none,none,keep,retained_signal,True
recv_vce_Mean,124.06389961242677,55.2147117206207,5.8,2.6832815729997477,-8.640699896691472e-05,0.0002241175114429,0.0017556543094787,0.0038666666666666,0.0004039122338428,0.687002344113593,Original Features,0.0020087444033294,67,68,54,160,False,False,signal,False,True,usage,redundant,drop,cluster_redundant,False
cc_mou_Mean,132.83878002166747,29.06274908519468,5.4,1.6733200530681511,-9.647448109965465e-05,0.0002811398495591,0.001883014797512,0.0036,0.0004700555780557,0.687002344113593,Original Features,0.0019843567918559,68,67,56,163,False,False,signal,False,True,support,redundant,drop,cluster_redundant,False
avg3rev,149.91658039093016,164.13201647532765,3.8,3.0331501776206204,9.067401126157856e-05,0.0002834549034715,0.0021177591541425,0.0025333333333333,0.0009963678118913,0.687002344113593,Original Features,0.0018824867664557,69,62,61,67,False,False,signal,False,True,revenue_aux,redundant,drop,cluster_redundant,False
avg3qty,107.98035945892336,45.58430644712441,4.6,1.6733200530681511,0.0001002747889245,0.0002015746179824,0.0015306052789316,0.0030666666666666,0.0008869692368163,0.687002344113593,Original Features,0.0018280803941382,70,73,59,62,False,False,signal,False,True,usage,redundant,drop,cluster_redundant,False
revenue_gap,95.9913206100464,39.473865757123214,5.4,2.073644135332772,8.40068045507477e-06,0.0001791630229128,0.0013583379520743,0.0036,0.0005082025553121,0.687002344113593,Engineered Features,0.0018221801691288,71,79,56,108,False,False,signal,False,False,none,none,keep,retained_signal,True
adjrev,122.14695987701415,40.83310189246245,5.4,1.949358868961793,-4.873728105310911e-05,0.0001119121479513,0.0017303156894023,0.0036,0.0001139913896395,0.687002344113593,Original Features,0.0018147690263473,72,70,56,153,False,False,signal,False,True,revenue,redundant,drop,cluster_redundant,False
owylis_vce_Mean,97.45334014892578,61.183241720825066,4.6,2.9664793948382653,9.83412989785289e-05,9.853772889712702e-05,0.0013774148898445,0.0030666666666666,0.0006120179184067,0.687002344113593,Original Features,0.0016853664916393,73,78,59,64,False,False,signal,False,True,usage,redundant,drop,cluster_redundant,False
avgrev_log,123.76737957000732,73.00410196120757,3.4,1.6733200530681511,-8.267336320903307e-06,0.0003401148256808,0.0017569264700824,0.0022666666666666,0.000787724461901,0.687002344113593,Log Features,0.0016037725328833,74,69,62,131,False,False,signal,False,False,none,none,keep,retained_signal,True
actvsubs_log,74.50440082550048,29.360848511039865,3.0,1.224744871391589,0.0001996161689096,0.0002449600158628,0.0010547148962414,0.002,0.0015207010148875,0.687002344113593,Log Features,0.001525138637043,75,82,64,50,False,False,signal,False,False,none,none,keep,retained_signal,True
HHstatin,107.41642036437987,44.20346722305796,2.2,1.095445115010332,0.0001520123129973,0.0003379687740724,0.0015196292147834,0.0014666666666666,0.0014844000407841,0.687002344113593,Original Features,0.001490231974078,76,74,67,54,False,False,signal,False,False,none,none,keep,retained_signal,True
phones,145.10455951690673,63.19802066904317,3.4,1.6733200530681511,-0.000135811000691,0.0001667112673782,0.0020565280712232,0.0022666666666666,0.0001348346901337,0.687002344113593,Original Features,0.0014860098093412,77,65,62,170,False,False,signal,False,True,device,representative,keep,cluster_representative,True
drop_vce_Mean_log,100.35521812438964,20.435515709624923,3.0,0.7071067811865476,8.420682075248968e-05,0.0002674239384007,0.0014222715258283,0.002,0.0009347963592394,0.687002344113593,Log Features,0.0014523559616892,78,77,64,72,False,False,signal,False,False,none,none,keep,retained_signal,True
support_intensity,111.89387912750244,48.69562728001583,3.4,2.5099800796022267,9.3340893945489e-06,0.000103803077148,0.0015868703132192,0.0022666666666666,0.000278494476258,0.687002344113593,Engineered Features,0.0013773438187146,79,72,62,105,False,False,signal,False,False,none,none,keep,retained_signal,True
mou_cvce_Mean_log,101.6140007019043,81.3967536655527,3.2,2.280350850198276,-2.4135288291689724e-05,0.0001517563384582,0.001439688058537,0.0021333333333333,0.0002666593942315,0.687002344113593,Log Features,0.0012798935953673,80,76,63,141,False,False,signal,False,False,none,none,keep,retained_signal,True
ovrrev_Mean_log,103.52762126922607,33.15122493721651,3.0,1.5811388300841898,-0.0001114090241309,0.0001963209933477,0.0014677675272343,0.002,0.0002141631830367,0.687002344113593,Log Features,0.001227310236757,81,75,64,165,False,False,signal,False,False,none,none,keep,retained_signal,True
avgmou_log,71.54223976135253,11.789676441361044,3.0,0.7071067811865476,8.420682075246747e-05,0.0001192418317259,0.0010138080283082,0.002,0.0006034507417076,0.687002344113593,Log Features,0.0012057529233386,82,83,64,73,False,False,signal,False,False,none,none,keep,retained_signal,True
avg6qty,68.13380012512206,22.096614622976993,3.8,1.3038404810405295,-0.0001181429029084,0.0001625302751625,0.0009657331765581,0.0025333333333333,7.649446019051807e-05,0.687002344113593,Original Features,0.001191853656694,83,87,61,167,False,False,signal,False,True,usage,redundant,drop,cluster_redundant,False
dualband,78.4302791595459,35.94006524787295,2.4,1.140175425099138,9.014063472475946e-05,0.000176099880892,0.0011122000425536,0.0016,0.0008481169924288,0.687002344113593,Original Features,0.0011867723449941,84,81,66,69,False,False,signal,False,False,none,none,keep,retained_signal,True
mou_rvce_Mean,69.99078006744385,41.59777406422688,3.4,2.1908902300206643,-7.207250453953318e-05,0.000235199879963,0.0009900254764453,0.0022666666666666,0.0002856135492742,0.687002344113593,Original Features,0.0011807685641287,85,86,62,159,False,False,signal,False,True,usage,redundant,drop,cluster_redundant,False
adjrev_log,63.47689971923828,14.162264104941569,3.2,0.4472135954999578,5.6404568770044664e-05,0.0001216012419398,0.0008988933197984,0.0021333333333333,0.0004925295871012,0.687002344113593,Log Features,0.0011749187467443,86,88,63,82,False,False,signal,False,False,none,none,keep,retained_signal,True
blck_vce_Mean,56.82378044128418,22.2295392066889,3.0,1.0,6.813885258036834e-05,0.0001248014013448,0.0008045063509398,0.002,0.0005682242842738,0.687002344113593,Original Features,0.0011242435450712,87,90,64,78,False,False,signal,False,True,quality,redundant,drop,cluster_redundant,False
adjmou,70.92416019439698,31.455763196952542,2.8,1.0954451150103324,-2.7268875445588903e-05,0.0001560835668173,0.001004658704774,0.0018666666666666,0.0002957454836716,0.687002344113593,Original Features,0.0010556902850374,88,85,65,143,False,False,signal,False,True,revenue,redundant,drop,cluster_redundant,False
callwait_Mean,54.81907997131348,38.30790031927313,3.0,2.1213203435596424,-3.1135855337619904e-05,0.0001544708128732,0.0007740096897246,0.0019999999999999,0.0002207404797339,0.687002344113593,Original Features,0.0009982500564861,89,94,64,144,False,True,near_zero,True,False,none,none,drop,near_zero_importance,False
totrev_log,56.65437984466553,21.13952033018722,2.2,1.0954451150103324,7.833967884727234e-05,0.0001701416745443,0.0008031893936255,0.0014666666666666,0.0006671641573561,0.687002344113593,Log Features,0.0009790067392161,90,91,67,75,False,True,near_zero,True,False,none,none,drop,near_zero_importance,False
mouiwylisv_Mean_log,59.41503982543945,24.509173291034347,2.4,1.3416407864998738,-4.5136989429495064e-05,0.0002202781178585,0.0008398721285584,0.0016,0.000418566932746,0.687002344113593,Log Features,0.0009528130204348,91,89,66,152,False,True,near_zero,True,False,none,none,drop,near_zero_importance,False
avg6mou,45.84780044555664,21.707118199770143,2.2,0.8366600265340756,8.260669114194355e-05,0.0001346481557627,0.0006480469125615,0.0014666666666666,0.0006959753067997,0.687002344113593,Original Features,0.0009368962953426,92,105,67,74,False,True,near_zero,True,True,usage,redundant,drop,near_zero_importance,False
dwlltype_missing_ind,71.33111972808838,56.933926487574674,1.8,1.4832396974191326,9.100737159710716e-05,9.114555627772784e-05,0.0010101033644733,0.0012,0.0005518237919496,0.687002344113593,Missing Indicators,0.0009206423854743,93,84,69,66,False,True,near_zero,True,False,none,none,drop,near_zero_importance,False
roam_Mean_capped,39.88839988708496,23.694217388566777,2.2,1.3038404810405295,9.880800344828078e-05,7.397993673668955e-05,0.0005641093602,0.0014666666666666,0.0006057027417783,0.687002344113593,Winsorized Features,0.000878826256215,94,112,67,63,False,True,near_zero,True,False,none,none,drop,near_zero_importance,False
adjqty_log,42.574899673461914,27.009229661326636,1.2,0.8366600265340756,0.0001628131878682,0.0003076521834647,0.0006016276342338,0.0008,0.001195694734225,0.687002344113593,Log Features,0.0008657741228196,95,109,72,52,False,True,near_zero,True,False,none,none,drop,near_zero_importance,False
totmou,48.01909999847412,29.83320673704005,2.4,1.3416407864998738,-7.400599448585213e-06,7.867247416327937e-05,0.0006800090571301,0.0016,0.000148888004359,0.687002344113593,Original Features,0.0008096323538297,96,101,66,127,False,True,near_zero,True,True,revenue,redundant,drop,near_zero_importance,False
drop_blk_Mean_log,46.64658031463623,37.009343904780785,2.2,1.6431676725154984,3.813642238357229e-05,2.7672522362771147e-05,0.0006603515466609,0.0014666666666666,0.0002517083884846,0.687002344113593,Log Features,0.0007929088672707,97,104,67,88,False,True,near_zero,True,False,none,none,drop,near_zero_importance,False
adults_missing_ind,56.178700065612794,42.01302226956512,1.6,1.140175425099138,7.260588107635969e-05,0.0001027281124272,0.0007955348740296,0.0010666666666666,0.0004976483485712,0.687002344113593,Missing Indicators,0.0007866166297558,98,92,70,77,False,True,near_zero,True,False,none,none,drop,near_zero_importance,False
rev_Mean_missing_ind,42.83424053192139,33.17613388507322,2.0,1.7320508075688774,5.287094921357187e-05,8.508940121559216e-05,0.0006084906038624,0.0013333333333333,0.0003516095320378,0.687002344113593,Missing Indicators,0.0007644778230778,99,108,68,83,False,True,near_zero,True,False,none,none,drop,near_zero_importance,False
mou_opkv_Mean_log,42.45036010742187,55.2371115029349,1.8,2.4899799195977463,-8.70737196379645e-05,0.000360016306153,0.000604603373689,0.0012,0.0004441097343332,0.687002344113593,Log Features,0.0007495710360074,100,110,69,161,False,True,near_zero,True,False,none,none,drop,near_zero_importance,False
infobase_missing_ind,50.6450798034668,61.25669580784808,1.4,1.6733200530681511,9.434097495226724e-05,9.101164534715436e-05,0.0007165055855285,0.0009333333333333,0.0005755587283653,0.687002344113593,Missing Indicators,0.0007417992157424,101,97,71,65,False,True,near_zero,True,False,none,none,drop,near_zero_importance,False
ccrndmou_Mean,33.48014049530029,26.143510060661605,1.6,1.140175425099138,7.33392738144915e-05,0.0001815010034824,0.000473761992132,0.0010666666666666,0.0006842706039184,0.687002344113593,Original Features,0.0007415664209056,102,116,70,76,False,True,near_zero,True,True,support,redundant,drop,near_zero_importance,False
threeway_Mean,43.71180038452148,24.99420465688057,2.4,1.140175425099138,-9.154074813394104e-05,2.7741709542202676e-05,0.0006187202051709,0.0016,0.0,0.687002344113593,Original Features,0.0007395734017236,103,107,66,162,False,True,near_zero,True,False,none,none,drop,near_zero_importance,False
complete_Mean,37.84552001953125,38.076308232104665,1.8,1.9235384061671343,6.433854475545637e-05,0.0001312851556164,0.0005361862231034,0.0012,0.0004742635044355,0.687002344113593,Original Features,0.0007368165758463,104,113,69,79,False,True,near_zero,True,True,usage,redundant,drop,near_zero_importance,False
avg3mou_log,34.41549987792969,28.38761364045211,1.4,1.140175425099138,6.120495760154979e-05,0.0002745875141357,0.0004876228934075,0.0009333333333333,0.0007759462560518,0.687002344113593,Log Features,0.0007323008275975,105,114,71,80,False,True,near_zero,True,False,none,none,drop,near_zero_importance,False
avg3rev_log,52.376380157470706,65.90571685743909,1.6,1.6733200530681511,4.240343467821391e-05,9.970829369016904e-05,0.0007389102062579,0.0010666666666666,0.0003539070457835,0.687002344113593,Log Features,0.0007198279729027,106,96,70,86,False,True,near_zero,True,False,none,none,drop,near_zero_importance,False
income_missing_ind,53.50199890136719,49.29651678319726,1.4,1.140175425099138,5.953815592392905e-05,0.0001189254762216,0.0007569418199411,0.0009333333333333,0.000452316584341,0.687002344113593,Missing Indicators,0.0007141972458718,107,95,71,81,False,True,near_zero,True,False,none,none,drop,near_zero_importance,False
attempt_Mean,47.13182029724121,51.12008881128246,1.8,2.16794833886788,-5.2070884408291395e-05,0.000241818907246,0.0006696053592895,0.0012,0.0002614399366959,0.687002344113593,Original Features,0.0007103484319951,108,102,69,155,False,True,near_zero,True,True,usage,redundant,drop,near_zero_importance,False
hnd_webcap_missing_ind,42.367320442199706,45.77309689546846,1.6,1.51657508881031,2.960239779420023e-05,0.0001754844396341,0.0005991668820582,0.0010666666666666,0.0004120030828728,0.687002344113593,Missing Indicators,0.0006926122105325,109,111,70,90,False,True,near_zero,True,False,none,none,drop,near_zero_importance,False
avg3qty_log,33.752420043945314,11.793586748137738,1.4,0.5477225575051661,8.574027829585014e-05,0.0001235308994221,0.0004779215311876,0.0009333333333333,0.0005877803784808,0.687002344113593,Log Features,0.0006663450810006,110,115,71,71,False,True,near_zero,True,False,none,none,drop,near_zero_importance,False
comp_vce_Mean,43.935340118408206,44.86145734110927,2.0,2.0,-0.0001376778185699,0.0001764370790471,0.0006203715787826,0.0013333333333333,2.197932252960251e-05,0.687002344113593,Original Features,0.0006585614115485,111,106,68,171,False,True,near_zero,True,True,usage,redundant,drop,near_zero_importance,False
peak_vce_Mean_log,50.44980010986328,34.4866725638984,1.8,0.8366600265340756,-5.220422854251467e-05,5.890232810256207e-05,0.0007139010800473,0.0012,4.831229064661711e-05,0.687002344113593,Log Features,0.0006540711235646,112,98,69,156,False,True,near_zero,True,False,none,none,drop,near_zero_importance,False
ovrmou_Mean_log,55.223019409179685,30.04110747324624,1.4,0.5477225575051662,-5.533781569639906e-05,0.0001115188731526,0.0007817370710666,0.0009333333333333,0.0001823830777832,0.687002344113593,Log Features,0.000632484494061,113,93,71,158,False,True,near_zero,True,False,none,none,drop,near_zero_importance,False
opk_vce_Mean_log,27.180599975585935,23.99190266342143,1.4,1.140175425099138,4.833724865046888e-05,0.0001223475576691,0.0003849062773831,0.0009333333333333,0.0004647779349314,0.687002344113593,Log Features,0.0005943391818826,114,123,71,84,False,True,near_zero,True,False,none,none,drop,near_zero_importance,False
totcalls_log,22.159579849243165,20.710867419584662,1.2,1.095445115010332,0.0001092755179836,0.0001105875872358,0.000313859406798,0.0008,0.0006691168700849,0.687002344113593,Log Features,0.0005943254256276,115,129,72,60,False,True,near_zero,True,False,none,none,drop,near_zero_importance,False
infobase,50.27791976928711,54.20342576964461,1.2,1.3038404810405295,1.7534753648392373e-05,8.609497776137542e-05,0.0007120598807129,0.0008,0.0002564046243736,0.687002344113593,Original Features,0.0005894881683622,116,99,72,98,False,True,near_zero,True,False,none,none,drop,near_zero_importance,False
custcare_Mean_log,48.01973991394043,50.32344066261603,1.4,1.51657508881031,4.66704469722265e-07,5.862243630532007e-05,0.0006793002902819,0.0009333333333333,0.0001267386412199,0.687002344113593,Log Features,0.000579790754945,117,100,71,119,False,True,near_zero,True,False,none,none,drop,near_zero_importance,False
da_Mean,28.781319618225098,25.926934907882465,1.8,1.4832396974191326,-1.2934381018214758e-05,4.353984617596521e-05,0.0004088651200336,0.0012,6.731870564051373e-05,0.687002344113593,Original Features,0.0005587279418913,118,121,69,135,False,True,near_zero,True,False,none,none,drop,near_zero_importance,False
ownrent,46.901460838317874,54.915727029780115,1.2,1.3038404810405295,1.960158772862375e-05,8.691388670561123e-05,0.000663317679739,0.0008,0.0001954981129001,0.687002344113593,Original Features,0.0005529385975464,119,103,72,96,False,True,near_zero,True,False,none,none,drop,near_zero_importance,False
avg6rev_log,29.022339248657225,33.6673352120677,1.0,0.7071067811865476,2.8535644720532417e-05,0.0001120295586321,0.0004122137539,0.0006666666666666,0.0003740867133611,0.687002344113593,Log Features,0.0004843223779759,120,120,73,91,False,True,near_zero,True,False,none,none,drop,near_zero_importance,False
datovr_Mean,23.041960144042967,20.3941610469897,1.4,1.140175425099138,1.5667935769444104e-05,5.104605649864852e-05,0.0003264243834219,0.0009333333333333,0.00014706987198,0.687002344113593,Original Features,0.0004689425295784,121,128,71,100,False,True,near_zero,True,False,none,none,drop,near_zero_importance,False
avg6mou_missing_ind,27.137719917297364,20.323713461371312,1.2,1.095445115010332,7.400599448548205e-06,8.403834880343999e-05,0.0003845258924497,0.0008,0.0002068887991204,0.687002344113593,Missing Indicators,0.00046380489719,122,124,72,111,False,True,near_zero,True,False,none,none,drop,near_zero_importance,False
prizm_social_one,29.04816017150879,20.03097590016679,1.4,0.8944271909999159,-2.526871343248397e-05,5.037018410711517e-05,0.0004113119069632,0.0009333333333333,3.682300511185469e-05,0.687002344113593,Original Features,0.0004604894151361,123,119,71,142,False,True,near_zero,True,False,none,none,drop,near_zero_importance,False
iwylis_vce_Mean_log,30.709719848632812,24.99785097950689,1.4,1.140175425099138,-5.233757267675277e-05,5.893929518712278e-05,0.0004360716564475,0.0009333333333333,6.873734087319485e-06,0.687002344113593,Log Features,0.0004587595746227,124,118,71,157,False,True,near_zero,True,False,none,none,drop,near_zero_importance,False
totmou_log,24.796180152893065,23.232628851740586,1.2,0.8366600265340756,1.7801441916757515e-05,9.297664186825553e-05,0.0003518489533157,0.0008,0.0002218069882926,0.687002344113593,Log Features,0.0004578853138694,125,126,72,97,False,True,near_zero,True,False,none,none,drop,near_zero_importance,False
kid16_17,14.385260200500488,14.74766570715941,0.8,0.8366600265340756,9.034065092609438e-05,9.141704443760848e-05,0.0002035421590883,0.0005333333333333,0.0006095065761435,0.687002344113593,Original Features,0.000448794022855,126,140,74,68,False,True,near_zero,True,False,none,none,drop,near_zero_importance,False
adjmou_log,17.220580291748046,18.19931769219764,1.0,1.0,2.606877823769782e-05,0.0001162386906669,0.0002432719130366,0.0006666666666666,0.0003854273002696,0.687002344113593,Log Features,0.0004317886266576,127,135,73,92,False,True,near_zero,True,False,none,none,drop,near_zero_importance,False
models,14.455719566345214,14.639263904359687,0.6,0.5477225575051662,0.0001032750319442,0.0001171953376254,0.0002049530679118,0.0004,0.0006745839009621,0.687002344113593,Original Features,0.000426512322958,128,139,75,61,False,True,near_zero,True,True,device,redundant,drop,near_zero_importance,False
callwait_Mean_log,20.90405979156494,14.12251331421124,1.0,0.7071067811865476,3.9203175457210485e-05,4.591220273278649e-05,0.0002959992744531,0.0006666666666666,0.0002412721086503,0.687002344113593,Log Features,0.0004013126832567,129,130,73,87,False,True,near_zero,True,False,none,none,drop,near_zero_importance,False
mouowylisv_Mean_log,31.714560127258306,32.704665425878716,1.0,0.7071067811865476,6.667206709683735e-08,3.516311619263935e-05,0.0004489650419304,0.0006666666666666,7.68650473284998e-05,0.687002344113593,Log Features,0.0003974989186418,130,117,73,120,False,True,near_zero,True,False,none,none,drop,near_zero_importance,False
inonemin_Mean_log,19.637539863586422,17.448933498828225,1.2,1.095445115010332,-2.3668583821945257e-05,6.770046960189382e-05,0.0002773394954801,0.0008,0.0001084848206004,0.687002344113593,Log Features,0.0003952747720268,131,131,72,140,False,True,near_zero,True,False,none,none,drop,near_zero_importance,False
ownrent_missing_ind,28.753940963745116,18.057163934330756,0.8,0.4472135954999579,2.3801927956161135e-05,6.406184795747261e-05,0.0004067240164719,0.0005333333333333,0.0002094705757711,0.687002344113593,Missing Indicators,0.0003831759751921,132,122,74,94,False,True,near_zero,True,False,none,none,drop,near_zero_importance,False
lor_missing_ind,24.389580154418944,24.255195666361924,0.8,0.4472135954999579,1.4667854762710306e-06,0.0001194073734454,0.0003462535739716,0.0005333333333333,0.0002629065117969,0.687002344113593,Missing Indicators,0.0003808311397006,133,127,74,115,False,True,near_zero,True,False,none,none,drop,near_zero_importance,False
mou_peav_Mean_log,25.35453987121582,16.54143223984477,1.0,0.7071067811865476,-3.1602559807349565e-05,0.0001047911732534,0.0003591865711667,0.0006666666666666,8.926762284692573e-05,0.687002344113593,Log Features,0.0003717069535601,134,125,73,146,False,True,near_zero,True,False,none,none,drop,near_zero_importance,False
avg6mou_log,18.92229976654053,20.417995344391382,1.0,1.0,-3.506950729674774e-05,6.512883321437077e-05,0.0002673099825472,0.0006666666666666,8.921540866536633e-06,0.687002344113593,Log Features,0.0003142993966934,135,132,73,149,False,True,near_zero,True,False,none,none,drop,near_zero_importance,False
threeway_Mean_log,14.530139923095703,10.003024276848976,1.0,0.7071067811865476,-4.920398552285359e-05,7.427302688638948e-05,0.0002061968915833,0.0006666666666666,1.0539725600505672e-05,0.687002344113593,Log Features,0.0002944677612835,136,138,73,154,False,True,near_zero,True,False,none,none,drop,near_zero_importance,False
recv_vce_Mean_log,12.520940017700196,11.789236317851753,0.6,0.5477225575051662,8.334008388014941e-06,0.0001295099540546,0.000176932201563,0.0004,0.0002961495158904,0.687002344113593,Log Features,0.0002910272391511,137,142,75,109,False,True,near_zero,True,False,none,none,drop,near_zero_importance,False
complete_Mean_log,13.669939994812012,13.339330738930768,0.6,0.5477225575051662,1.5001215098423928e-05,5.611059533504952e-05,0.0001934552717258,0.0004,0.0001426894289849,0.687002344113593,Log Features,0.0002453815669035,138,141,75,101,False,True,near_zero,True,False,none,none,drop,near_zero_importance,False
mou_rvce_Mean_log,17.643300247192382,16.4344098490753,0.6,0.5477225575051661,-9.400761461682745e-06,2.7763532838267332e-05,0.0002488145075138,0.0004,2.4825157193678183e-05,0.687002344113593,Log Features,0.0002245465549025,139,133,75,133,False,True,near_zero,True,False,none,none,drop,near_zero_importance,False
comp_dat_Mean,10.43667984008789,9.528190291794433,0.6,0.5477225575051661,-8.534024589327651e-06,5.268654377786151e-05,0.0001471706278922,0.0004,9.256628570903226e-05,0.687002344113593,Original Features,0.000213245637867,140,143,75,132,False,True,near_zero,True,True,service,redundant,drop,near_zero_importance,False
dwllsize_missing_ind,14.996939849853517,14.236210397531366,0.6,0.5477225575051661,-2.220179834568163e-05,6.064666550612347e-05,0.0002127958279389,0.0004,2.360197655925606e-05,0.687002344113593,Missing Indicators,0.0002121326014994,141,136,75,139,False,True,near_zero,True,False,none,none,drop,near_zero_importance,False
plcd_vce_Mean,10.056239891052249,9.65403914703481,0.6,0.5477225575051662,9.8674659313606e-06,1.9430361206321792e-05,0.0001426196119859,0.0004,8.295845207507669e-05,0.687002344113593,Original Features,0.0002085260213536,142,145,75,104,False,True,near_zero,True,True,usage,redundant,drop,near_zero_importance,False
comp_vce_Mean_log,10.08478012084961,13.810292143505718,0.4,0.5477225575051661,2.42686324259056e-05,4.601061040237302e-05,0.0001428738350291,0.0002666666666666,0.0001750630935793,0.687002344113593,Log Features,0.0001948678650917,143,144,76,93,False,True,near_zero,True,False,none,none,drop,near_zero_importance,False
hnd_price_missing_ind,14.807880401611328,20.33158241936976,0.4,0.5477225575051661,8.133992186694825e-06,3.4829854141195735e-05,0.0002097165418547,0.0002666666666666,9.734575419947847e-05,0.687002344113593,Missing Indicators,0.0001912429875736,144,137,76,110,False,True,near_zero,True,False,none,none,drop,near_zero_importance,False
mou_Mean_missing_ind,17.415480041503905,24.091808972541916,0.4,0.5477225575051661,8.93405699195308e-06,1.8171043487708568e-05,0.00024544546231,0.0002666666666666,5.699472003918994e-05,0.687002344113593,Missing Indicators,0.0001897022830053,145,134,76,107,False,True,near_zero,True,False,none,none,drop,near_zero_importance,False
roam_Mean_log,8.231119918823243,11.555813064980844,0.4,0.5477225575051662,2.0401652533867205e-05,2.803538620433176e-05,0.000116123873914,0.0002666666666666,0.0001301632876867,0.687002344113593,Log Features,0.0001709846094224,146,147,76,95,False,True,near_zero,True,False,none,none,drop,near_zero_importance,False
owylis_vce_Mean_log,5.421220016479492,12.122216477830676,0.2,0.447213595499958,3.6002916236229274e-05,8.050496809243952e-05,7.641387978431436e-05,0.0001333333333333,0.000247454427143,0.687002344113593,Log Features,0.0001524005467535,147,154,77,89,False,True,near_zero,True,False,none,none,drop,near_zero_importance,False
mou_opkd_Mean,9.913139724731446,14.745571158737118,0.4,0.5477225575051662,3.933651959150038e-06,5.833329623130568e-06,0.0001404287292855,0.0002666666666666,2.345935608326108e-05,0.687002344113593,Original Features,0.0001435182506784,148,146,76,114,False,True,near_zero,True,True,service_2,redundant,drop,near_zero_importance,False
cc_mou_Mean_log,6.521080017089844,8.930824661019916,0.4,0.5477225575051661,-1.8668178789260636e-06,1.739649143494814e-05,9.244588910482197e-05,0.0002666666666666,2.3753542901318595e-05,0.687002344113593,Log Features,0.0001276220328909,149,151,76,122,False,True,near_zero,True,False,none,none,drop,near_zero_importance,False
mou_cdat_Mean,7.003059768676758,9.64650484096708,0.4,0.5477225575051661,-3.606958830330391e-05,5.121634325207937e-05,9.9167040888364e-05,0.0002666666666666,0.0,0.687002344113593,Original Features,0.000121944569185,150,149,76,150,False,True,near_zero,True,True,service_2,redundant,drop,near_zero_importance,False
mou_pead_Mean,6.939419937133789,15.517014703848467,0.4,0.894427190999916,-7.067239113034418e-06,1.580282706999028e-05,9.779084662481872e-05,0.0002666666666666,0.0,0.687002344113593,Original Features,0.0001214858377638,151,150,76,125,False,True,near_zero,True,False,none,none,drop,near_zero_importance,False
peak_dat_Mean,6.404939842224121,8.85968411749861,0.4,0.5477225575051661,-7.20058324722809e-06,1.1609366417150624e-05,9.078657345190066e-05,0.0002666666666666,0.0,0.687002344113593,Original Features,0.0001191510800395,152,152,76,126,False,True,near_zero,True,True,service,redundant,drop,near_zero_importance,False
totmrc_Mean_missing_ind,8.043319702148438,17.985409618767267,0.2,0.4472135954999579,7.333927381451371e-06,1.6399160166972292e-05,0.0001135454014097,0.0001333333333333,4.266823892662227e-05,0.687002344113593,Missing Indicators,9.651565788989598e-05,153,148,77,112,False,True,near_zero,True,False,none,none,drop,near_zero_importance,False
opk_dat_Mean,2.7397199630737306,6.126200076746075,0.2,0.4472135954999579,1.6201312306292812e-05,3.622723564157462e-05,3.867589682831719e-05,0.0001333333333333,9.425801871969504e-05,0.687002344113593,Original Features,8.87557496271152e-05,154,169,77,99,False,True,near_zero,True,True,service,redundant,drop,near_zero_importance,False
truck_missing_ind,2.7765600204467775,6.208576949327201,0.2,0.447213595499958,1.2134316212934297e-05,2.71331559125989e-05,3.912750021816117e-05,0.0001333333333333,7.692762885370264e-05,0.687002344113593,Missing Indicators,8.312948746839906e-05,155,168,77,102,False,True,near_zero,True,False,none,none,drop,near_zero_importance,False
plcd_dat_Mean_log,3.315380096435547,7.413415266879691,0.2,0.447213595499958,1.0867546937961177e-05,2.430057370195088e-05,4.6720594725589746e-05,0.0001333333333333,6.889672254482204e-05,0.687002344113593,Log Features,8.298355020124839e-05,156,162,77,103,False,True,near_zero,True,False,none,none,drop,near_zero_importance,False
da_Mean_log,3.521620178222656,7.874582109440784,0.2,0.447213595499958,9.134073193250993e-06,2.042440857156779e-05,4.962694603285239e-05,0.0001333333333333,5.790706127997386e-05,0.687002344113593,Log Features,8.028911354871985e-05,157,159,77,106,False,True,near_zero,True,False,none,none,drop,near_zero_importance,False
avg6qty_log,4.0450599670410154,9.04502905936677,0.2,0.4472135954999579,5.06707709990728e-06,1.1330328842625171e-05,5.759275639121887e-05,0.0001333333333333,3.680734984656309e-05,0.687002344113593,Log Features,7.591114652370509e-05,158,158,77,113,False,True,near_zero,True,False,none,none,drop,near_zero_importance,False
vceovr_Mean_log,5.899539947509766,13.191772358607375,0.2,0.4472135954999579,-1.84681625878369e-05,4.129606696592174e-05,8.32822337391141e-05,0.0001333333333333,0.0,0.687002344113593,Log Features,7.220518902414915e-05,159,153,77,137,False,True,near_zero,True,False,none,none,drop,near_zero_importance,False
blck_vce_Mean_log,4.0751800537109375,9.1123796206489,0.2,0.447213595499958,-1.5467919568153597e-05,3.4587319624890634e-05,5.812537221438034e-05,0.0001333333333333,0.0,0.687002344113593,Log Features,6.381956851590457e-05,160,156,77,136,False,True,near_zero,True,False,none,none,drop,near_zero_importance,False
creditcd,4.119660186767578,9.211840221811784,0.2,0.447213595499958,-8.2673363209033e-06,1.8486326006392795e-05,5.806796575437875e-05,0.0001333333333333,0.0,0.687002344113593,Original Features,6.380043302923737e-05,161,155,77,130,False,True,near_zero,True,False,none,none,drop,near_zero_importance,False
unan_vce_Mean_log,4.048180007934571,9.052005682897336,0.2,0.447213595499958,-2.173509387594456e-05,4.8601147403951415e-05,5.704726819416213e-05,0.0001333333333333,0.0,0.687002344113593,Log Features,6.346020050916516e-05,162,157,77,138,False,True,near_zero,True,False,none,none,drop,near_zero_importance,False
kid3_5,3.1640600204467773,7.075053290608368,0.2,0.447213595499958,1.4001134091889963e-06,3.130748759155575e-06,4.512982591520952e-05,0.0001333333333333,8.454650863197103e-06,0.687002344113593,Original Features,6.230593670391332e-05,163,164,77,116,False,True,near_zero,True,False,none,none,drop,near_zero_importance,False
low_usage_x_high_charge,3.441640090942383,7.695741197435726,0.2,0.447213595499958,6.000486039233384e-07,1.3417494681764318e-06,4.849986040910856e-05,0.0001333333333333,3.804113514661293e-06,0.687002344113593,Interaction Features,6.18791024190344e-05,164,161,77,118,False,True,near_zero,True,False,none,none,drop,near_zero_importance,False
plcd_vce_Mean_log,3.520880126953125,7.872927304495277,0.2,0.447213595499958,-3.1402543606036855e-05,7.021822216949978e-05,4.961651717268125e-05,0.0001333333333333,0.0,0.687002344113593,Log Features,6.098328350200486e-05,165,160,77,145,False,True,near_zero,True,False,none,none,drop,near_zero_importance,False
mou_opkd_Mean_log,3.3150398254394533,7.412654397801654,0.2,0.447213595499958,-7.7339597840916e-06,1.7293659812478416e-05,4.671579960019147e-05,0.0001333333333333,0.0,0.687002344113593,Log Features,6.001637764450827e-05,166,163,77,129,False,True,near_zero,True,False,none,none,drop,near_zero_importance,False
adults,2.723360061645508,6.089618225047373,0.2,0.447213595499958,1.000081006548766e-06,2.2362491136494532e-06,3.884400570541055e-05,0.0001333333333333,6.039036330765685e-06,0.687002344113593,Original Features,5.940545845650319e-05,167,170,77,117,False,True,near_zero,True,False,none,none,drop,near_zero_importance,False
low_usage_x_poor_service,3.018280029296875,6.749079320637869,0.2,0.447213595499958,-7.733959784069396e-06,1.7293659812428766e-05,4.254365006640396e-05,0.0001333333333333,0.0,0.687002344113593,Interaction Features,5.862566113324576e-05,168,165,77,128,False,True,near_zero,True,False,none,none,drop,near_zero_importance,False
plcd_dat_Mean,2.8913799285888673,6.465322069103195,0.2,0.4472135954999579,-1.0067482132717724e-05,2.251157441102139e-05,4.1166890285557534e-05,0.0001333333333333,0.0,0.687002344113593,Original Features,5.816674120629696e-05,169,166,77,134,False,True,near_zero,True,True,service,redundant,drop,near_zero_importance,False
unan_dat_Mean_log,2.878260040283203,6.435985106994525,0.2,0.4472135954999579,-3.600291623628849e-06,8.050496809257193e-06,4.063163018974048e-05,0.0001333333333333,0.0,0.687002344113593,Log Features,5.798832117435794e-05,170,167,77,124,False,True,near_zero,True,False,none,none,drop,near_zero_importance,False
marital_missing_ind,0.0,0.0,0.0,0.0,0.0,0.0,0.0,0.0,0.0,0.687002344113593,Missing Indicators,0.0,171,171,78,121,True,False,zero,True,False,none,none,drop,zero_importance,False
models_log,0.0,0.0,0.0,0.0,0.0,0.0,0.0,0.0,0.0,0.687002344113593,Log Features,0.0,171,171,78,121,True,False,zero,True,False,none,none,drop,zero_importance,False
models_missing_ind,0.0,0.0,0.0,0.0,0.0,0.0,0.0,0.0,0.0,0.687002344113593,Missing Indicators,0.0,171,171,78,121,True,False,zero,True,False,none,none,drop,zero_importance,False
mou_cdat_Mean_log,0.0,0.0,0.0,0.0,0.0,0.0,0.0,0.0,0.0,0.687002344113593,Log Features,0.0,171,171,78,121,True,False,zero,True,False,none,none,drop,zero_importance,False
mou_pead_Mean_log,0.0,0.0,0.0,0.0,0.0,0.0,0.0,0.0,0.0,0.687002344113593,Log Features,0.0,171,171,78,121,True,False,zero,True,False,none,none,drop,zero_importance,False
new_cell,0.0,0.0,0.0,0.0,0.0,0.0,0.0,0.0,0.0,0.687002344113593,Original Features,0.0,171,171,78,121,True,False,zero,True,False,none,none,drop,zero_importance,False
numbcars,0.0,0.0,0.0,0.0,0.0,0.0,0.0,0.0,0.0,0.687002344113593,Original Features,0.0,171,171,78,121,True,False,zero,True,False,none,none,drop,zero_importance,False
numbcars_missing_ind,0.0,0.0,0.0,0.0,0.0,0.0,0.0,0.0,0.0,0.687002344113593,Missing Indicators,0.0,171,171,78,121,True,False,zero,True,False,none,none,drop,zero_importance,False
old_device_x_low_value,0.0,0.0,0.0,0.0,0.0,0.0,0.0,0.0,0.0,0.687002344113593,Interaction Features,0.0,171,171,78,121,True,False,zero,True,False,none,none,drop,zero_importance,False
opk_dat_Mean_log,0.0,0.0,0.0,0.0,0.0,0.0,0.0,0.0,0.0,0.687002344113593,Log Features,0.0,171,171,78,121,True,False,zero,True,False,none,none,drop,zero_importance,False
ovrmou_Mean_missing_ind,0.0,0.0,0.0,0.0,0.0,0.0,0.0,0.0,0.0,0.687002344113593,Missing Indicators,0.0,171,171,78,121,True,False,zero,True,False,none,none,drop,zero_importance,False
ovrrev_Mean_missing_ind,0.0,0.0,0.0,0.0,0.0,0.0,0.0,0.0,0.0,0.687002344113593,Missing Indicators,0.0,171,171,78,121,True,False,zero,True,False,none,none,drop,zero_importance,False
refurb_new_missing_ind,0.0,0.0,0.0,0.0,0.0,0.0,0.0,0.0,0.0,0.687002344113593,Missing Indicators,0.0,171,171,78,121,True,False,zero,True,False,none,none,drop,zero_importance,False
phones_log,0.0,0.0,0.0,0.0,0.0,0.0,0.0,0.0,0.0,0.687002344113593,Log Features,0.0,171,171,78,121,True,False,zero,True,False,none,none,drop,zero_importance,False
phones_missing_ind,0.0,0.0,0.0,0.0,0.0,0.0,0.0,0.0,0.0,0.687002344113593,Missing Indicators,0.0,171,171,78,121,True,False,zero,True,False,none,none,drop,zero_importance,False
prizm_social_one_missing_ind,0.0,0.0,0.0,0.0,0.0,0.0,0.0,0.0,0.0,0.687002344113593,Missing Indicators,0.0,171,171,78,121,True,False,zero,True,False,none,none,drop,zero_importance,False
recv_sms_Mean,0.0,0.0,0.0,0.0,0.0,0.0,0.0,0.0,0.0,0.687002344113593,Original Features,0.0,171,171,78,121,True,False,zero,True,False,none,none,drop,zero_importance,False
recv_sms_Mean_log,0.0,0.0,0.0,0.0,0.0,0.0,0.0,0.0,0.0,0.687002344113593,Log Features,0.0,171,171,78,121,True,False,zero,True,False,none,none,drop,zero_importance,False
kid6_10_missing_ind,0.0,0.0,0.0,0.0,0.0,0.0,0.0,0.0,0.0,0.687002344113593,Missing Indicators,0.0,171,171,78,121,True,False,zero,True,False,none,none,drop,zero_importance,False
roam_Mean_missing_ind,0.0,0.0,0.0,0.0,0.0,0.0,0.0,0.0,0.0,0.687002344113593,Missing Indicators,0.0,171,171,78,121,True,False,zero,True,False,none,none,drop,zero_importance,False
rv,0.0,0.0,0.0,0.0,0.0,0.0,0.0,0.0,0.0,0.687002344113593,Original Features,0.0,171,171,78,121,True,False,zero,True,False,none,none,drop,zero_importance,False
rv_log,0.0,0.0,0.0,0.0,0.0,0.0,0.0,0.0,0.0,0.687002344113593,Log Features,0.0,171,171,78,121,True,False,zero,True,False,none,none,drop,zero_importance,False
rv_missing_ind,0.0,0.0,0.0,0.0,0.0,0.0,0.0,0.0,0.0,0.687002344113593,Missing Indicators,0.0,171,171,78,121,True,False,zero,True,False,none,none,drop,zero_importance,False
truck,0.0,0.0,0.0,0.0,0.0,0.0,0.0,0.0,0.0,0.687002344113593,Original Features,0.0,171,171,78,121,True,False,zero,True,False,none,none,drop,zero_importance,False
truck_log,0.0,0.0,0.0,0.0,0.0,0.0,0.0,0.0,0.0,0.687002344113593,Log Features,0.0,171,171,78,121,True,False,zero,True,False,none,none,drop,zero_importance,False
peak_dat_Mean_log,0.0,0.0,0.0,0.0,0.0,0.0,0.0,0.0,0.0,0.687002344113593,Log Features,0.0,171,171,78,121,True,False,zero,True,False,none,none,drop,zero_importance,False
kid6_10,0.0,0.0,0.0,0.0,0.0,0.0,0.0,0.0,0.0,0.687002344113593,Original Features,0.0,171,171,78,121,True,False,zero,True,False,none,none,drop,zero_importance,False
area_missing_ind,0.0,0.0,0.0,0.0,0.0,0.0,0.0,0.0,0.0,0.687002344113593,Missing Indicators,0.0,171,171,78,121,True,False,zero,True,False,none,none,drop,zero_importance,False
kid16_17_missing_ind,0.0,0.0,0.0,0.0,0.0,0.0,0.0,0.0,0.0,0.687002344113593,Missing Indicators,0.0,171,171,78,121,True,False,zero,True,False,none,none,drop,zero_importance,False
unan_dat_Mean,0.0,0.0,0.0,0.0,0.0,0.0,0.0,0.0,0.0,0.687002344113593,Original Features,0.0,171,171,78,121,True,False,zero,True,False,none,none,drop,zero_importance,False
attempt_Mean_log,0.0,0.0,0.0,0.0,0.0,0.0,0.0,0.0,0.0,0.687002344113593,Log Features,0.0,171,171,78,121,True,False,zero,True,False,none,none,drop,zero_importance,False
avg6qty_missing_ind,0.0,0.0,0.0,0.0,0.0,0.0,0.0,0.0,0.0,0.687002344113593,Missing Indicators,0.0,171,171,78,121,True,False,zero,True,False,none,none,drop,zero_importance,False
avg6rev_missing_ind,0.0,0.0,0.0,0.0,0.0,0.0,0.0,0.0,0.0,0.687002344113593,Missing Indicators,0.0,171,171,78,121,True,False,zero,True,False,none,none,drop,zero_importance,False
blck_dat_Mean,0.0,0.0,0.0,0.0,0.0,0.0,0.0,0.0,0.0,0.687002344113593,Original Features,0.0,171,171,78,121,True,False,zero,True,False,none,none,drop,zero_importance,False
blck_dat_Mean_log,0.0,0.0,0.0,0.0,0.0,0.0,0.0,0.0,0.0,0.687002344113593,Log Features,0.0,171,171,78,121,True,False,zero,True,False,none,none,drop,zero_importance,False
callfwdv_Mean,0.0,0.0,0.0,0.0,0.0,0.0,0.0,0.0,0.0,0.687002344113593,Original Features,0.0,171,171,78,121,True,False,zero,True,False,none,none,drop,zero_importance,False
callfwdv_Mean_log,0.0,0.0,0.0,0.0,0.0,0.0,0.0,0.0,0.0,0.687002344113593,Log Features,0.0,171,171,78,121,True,False,zero,True,False,none,none,drop,zero_importance,False
ccrndmou_Mean_log,0.0,0.0,0.0,0.0,0.0,0.0,0.0,0.0,0.0,0.687002344113593,Log Features,0.0,171,171,78,121,True,False,zero,True,False,none,none,drop,zero_importance,False
comp_dat_Mean_log,0.0,0.0,0.0,0.0,0.0,0.0,0.0,0.0,0.0,0.687002344113593,Log Features,0.0,171,171,78,121,True,False,zero,True,False,none,none,drop,zero_importance,False
creditcd_missing_ind,0.0,0.0,0.0,0.0,0.0,0.0,0.0,0.0,0.0,0.687002344113593,Missing Indicators,0.0,171,171,78,121,True,False,zero,True,False,none,none,drop,zero_importance,False
da_Mean_missing_ind,0.0,0.0,0.0,0.0,0.0,0.0,0.0,0.0,0.0,0.687002344113593,Missing Indicators,0.0,171,171,78,121,True,False,zero,True,False,none,none,drop,zero_importance,False
kid3_5_missing_ind,0.0,0.0,0.0,0.0,0.0,0.0,0.0,0.0,0.0,0.687002344113593,Missing Indicators,0.0,171,171,78,121,True,False,zero,True,False,none,none,drop,zero_importance,False
datovr_Mean_log,0.0,0.0,0.0,0.0,0.0,0.0,0.0,0.0,0.0,0.687002344113593,Log Features,0.0,171,171,78,121,True,False,zero,True,False,none,none,drop,zero_importance,False
drop_dat_Mean,0.0,0.0,0.0,0.0,0.0,0.0,0.0,0.0,0.0,0.687002344113593,Original Features,0.0,171,171,78,121,True,False,zero,True,False,none,none,drop,zero_importance,False
drop_dat_Mean_log,0.0,0.0,0.0,0.0,0.0,0.0,0.0,0.0,0.0,0.687002344113593,Log Features,0.0,171,171,78,121,True,False,zero,True,False,none,none,drop,zero_importance,False
dualband_missing_ind,0.0,0.0,0.0,0.0,0.0,0.0,0.0,0.0,0.0,0.687002344113593,Missing Indicators,0.0,171,171,78,121,True,False,zero,True,False,none,none,drop,zero_importance,False
eqpdays_missing_ind,0.0,0.0,0.0,0.0,0.0,0.0,0.0,0.0,0.0,0.687002344113593,Missing Indicators,0.0,171,171,78,121,True,False,zero,True,False,none,none,drop,zero_importance,False
ethnic_missing_ind,0.0,0.0,0.0,0.0,0.0,0.0,0.0,0.0,0.0,0.687002344113593,Missing Indicators,0.0,171,171,78,121,True,False,zero,True,False,none,none,drop,zero_importance,False
forgntvl,0.0,0.0,0.0,0.0,0.0,0.0,0.0,0.0,0.0,0.687002344113593,Original Features,0.0,171,171,78,121,True,False,zero,True,False,none,none,drop,zero_importance,False
forgntvl_log,0.0,0.0,0.0,0.0,0.0,0.0,0.0,0.0,0.0,0.687002344113593,Log Features,0.0,171,171,78,121,True,False,zero,True,False,none,none,drop,zero_importance,False
forgntvl_missing_ind,0.0,0.0,0.0,0.0,0.0,0.0,0.0,0.0,0.0,0.687002344113593,Missing Indicators,0.0,171,171,78,121,True,False,zero,True,False,none,none,drop,zero_importance,False
kid0_2,0.0,0.0,0.0,0.0,0.0,0.0,0.0,0.0,0.0,0.687002344113593,Original Features,0.0,171,171,78,121,True,False,zero,True,False,none,none,drop,zero_importance,False
kid0_2_missing_ind,0.0,0.0,0.0,0.0,0.0,0.0,0.0,0.0,0.0,0.687002344113593,Missing Indicators,0.0,171,171,78,121,True,False,zero,True,False,none,none,drop,zero_importance,False
kid11_15,0.0,0.0,0.0,0.0,0.0,0.0,0.0,0.0,0.0,0.687002344113593,Original Features,0.0,171,171,78,121,True,False,zero,True,False,none,none,drop,zero_importance,False
kid11_15_missing_ind,0.0,0.0,0.0,0.0,0.0,0.0,0.0,0.0,0.0,0.687002344113593,Missing Indicators,0.0,171,171,78,121,True,False,zero,True,False,none,none,drop,zero_importance,False
datovr_Mean_missing_ind,0.0,0.0,0.0,0.0,0.0,0.0,0.0,0.0,0.0,0.687002344113593,Missing Indicators,0.0,171,171,78,121,True,False,zero,True,False,none,none,drop,zero_importance,False
vceovr_Mean_missing_ind,0.0,0.0,0.0,0.0,0.0,0.0,0.0,0.0,0.0,0.687002344113593,Missing Indicators,0.0,171,171,78,121,True,False,zero,True,False,none,none,drop,zero_importance,False
